Insert into TEST.COUNTER (COUNTER_ID,TYPE_NAME,TYPE_ID,COUNTER_NAME,COUNTER_VALUE) values ('2','Event','23','EVENT_GET_BY_NAME','39');
Insert into TEST.COUNTER (COUNTER_ID,TYPE_NAME,TYPE_ID,COUNTER_NAME,COUNTER_VALUE) values ('3','Event','24','GET_TICKET_PRICE','71');
Insert into TEST.COUNTER (COUNTER_ID,TYPE_NAME,TYPE_ID,COUNTER_NAME,COUNTER_VALUE) values ('4','User','41','5.0','20');
Insert into TEST.COUNTER (COUNTER_ID,TYPE_NAME,TYPE_ID,COUNTER_NAME,COUNTER_VALUE) values ('21','Event','24','GET_BOOK_TICKET','1');
Insert into TEST.COUNTER (COUNTER_ID,TYPE_NAME,TYPE_ID,COUNTER_NAME,COUNTER_VALUE) values ('22','User','41','50.0','1');
Insert into TEST.COUNTER (COUNTER_ID,TYPE_NAME,TYPE_ID,COUNTER_NAME,COUNTER_VALUE) values ('41','User','40','5.0','12');

Insert into TEST.USER_TABLE (USER_ID,FIRST_NAME,LAST_NAME,BIRTHDAY,EMAIL,PASSWORD) values ('41','Vitya','Prokopenko',to_timestamp('28.05.16 00:00:00,000000000','DD.MM.RR HH24:MI:SSXFF'),'user2@mail.ru','s');
Insert into TEST.USER_TABLE (USER_ID,FIRST_NAME,LAST_NAME,BIRTHDAY,EMAIL,PASSWORD) values ('39','Vasya','Pupkin',to_timestamp('28.04.16 00:00:00,000000000','DD.MM.RR HH24:MI:SSXFF'),'user@mail.ru','s');
Insert into TEST.USER_TABLE (USER_ID,FIRST_NAME,LAST_NAME,BIRTHDAY,EMAIL,PASSWORD) values ('40','Kolya','Noikitenko',to_timestamp('28.06.16 00:00:00,000000000','DD.MM.RR HH24:MI:SSXFF'),'user1@mail.ru','s');

Insert into TEST.EVENT (EVENT_ID,BASE_PRICE,EVENT_NAME,EVENT_RATING) values ('25','40','Event3','MID');
Insert into TEST.EVENT (EVENT_ID,BASE_PRICE,EVENT_NAME,EVENT_RATING) values ('23','30','Event1','HIGH');
Insert into TEST.EVENT (EVENT_ID,BASE_PRICE,EVENT_NAME,EVENT_RATING) values ('24','100','Event2','HIGH');

Insert into TEST.EVENT_SCHEDULE (EVENT_SCHEDULE_ID,EVENT_DATE,AUDITORIUM_ID,EVENT_ID) values ('21',to_timestamp('28.04.16 16:03:24,431000000','DD.MM.RR HH24:MI:SSXFF'),'2','25');
Insert into TEST.EVENT_SCHEDULE (EVENT_SCHEDULE_ID,EVENT_DATE,AUDITORIUM_ID,EVENT_ID) values ('22',to_timestamp('12.05.16 16:03:24,431000000','DD.MM.RR HH24:MI:SSXFF'),'3','24');
Insert into TEST.EVENT_SCHEDULE (EVENT_SCHEDULE_ID,EVENT_DATE,AUDITORIUM_ID,EVENT_ID) values ('19',to_timestamp('01.05.16 16:03:24,430000000','DD.MM.RR HH24:MI:SSXFF'),'1','23');
Insert into TEST.EVENT_SCHEDULE (EVENT_SCHEDULE_ID,EVENT_DATE,AUDITORIUM_ID,EVENT_ID) values ('20',to_timestamp('30.04.16 16:03:24,431000000','DD.MM.RR HH24:MI:SSXFF'),'1','24');

Insert into TEST.TICKET (TICKET_ID,USER_ID,TICKET_COST,SEAT,EVENT_SCHEDULE_ID,DISCOUNT) values ('61','40','114','63','22','5');
Insert into TEST.TICKET (TICKET_ID,USER_ID,TICKET_COST,SEAT,EVENT_SCHEDULE_ID,DISCOUNT) values ('62','40','114','51','22','5');
Insert into TEST.TICKET (TICKET_ID,USER_ID,TICKET_COST,SEAT,EVENT_SCHEDULE_ID,DISCOUNT) values ('63','40','114','63','22','5');
Insert into TEST.TICKET (TICKET_ID,USER_ID,TICKET_COST,SEAT,EVENT_SCHEDULE_ID,DISCOUNT) values ('64','40','114','51','22','5');
Insert into TEST.TICKET (TICKET_ID,USER_ID,TICKET_COST,SEAT,EVENT_SCHEDULE_ID,DISCOUNT) values ('65','40','114','63','22','5');
Insert into TEST.TICKET (TICKET_ID,USER_ID,TICKET_COST,SEAT,EVENT_SCHEDULE_ID,DISCOUNT) values ('66','40','114','51','22','5');
Insert into TEST.TICKET (TICKET_ID,USER_ID,TICKET_COST,SEAT,EVENT_SCHEDULE_ID,DISCOUNT) values ('67','40','114','63','22','5');
Insert into TEST.TICKET (TICKET_ID,USER_ID,TICKET_COST,SEAT,EVENT_SCHEDULE_ID,DISCOUNT) values ('68','40','114','51','22','5');
Insert into TEST.TICKET (TICKET_ID,USER_ID,TICKET_COST,SEAT,EVENT_SCHEDULE_ID,DISCOUNT) values ('69','40','114','51','22','5');
Insert into TEST.TICKET (TICKET_ID,USER_ID,TICKET_COST,SEAT,EVENT_SCHEDULE_ID,DISCOUNT) values ('70','40','60','63','22','50');
Insert into TEST.TICKET (TICKET_ID,USER_ID,TICKET_COST,SEAT,EVENT_SCHEDULE_ID,DISCOUNT) values ('71','39','9999','111','19','44');
Insert into TEST.TICKET (TICKET_ID,USER_ID,TICKET_COST,SEAT,EVENT_SCHEDULE_ID,DISCOUNT) values ('72','39','9999','111','19','44');
Insert into TEST.TICKET (TICKET_ID,USER_ID,TICKET_COST,SEAT,EVENT_SCHEDULE_ID,DISCOUNT) values ('73','39','9999','111','19','44');
Insert into TEST.TICKET (TICKET_ID,USER_ID,TICKET_COST,SEAT,EVENT_SCHEDULE_ID,DISCOUNT) values ('43','41','114','4','20','5');
Insert into TEST.TICKET (TICKET_ID,USER_ID,TICKET_COST,SEAT,EVENT_SCHEDULE_ID,DISCOUNT) values ('44','41','114','3','20','5');
Insert into TEST.TICKET (TICKET_ID,USER_ID,TICKET_COST,SEAT,EVENT_SCHEDULE_ID,DISCOUNT) values ('45','41','114','23','20','5');
Insert into TEST.TICKET (TICKET_ID,USER_ID,TICKET_COST,SEAT,EVENT_SCHEDULE_ID,DISCOUNT) values ('46','41','114','62','20','5');
Insert into TEST.TICKET (TICKET_ID,USER_ID,TICKET_COST,SEAT,EVENT_SCHEDULE_ID,DISCOUNT) values ('47','41','114','83','20','5');
Insert into TEST.TICKET (TICKET_ID,USER_ID,TICKET_COST,SEAT,EVENT_SCHEDULE_ID,DISCOUNT) values ('48','41','228','32','20','5');
Insert into TEST.TICKET (TICKET_ID,USER_ID,TICKET_COST,SEAT,EVENT_SCHEDULE_ID,DISCOUNT) values ('49','41','114','53','20','5');
Insert into TEST.TICKET (TICKET_ID,USER_ID,TICKET_COST,SEAT,EVENT_SCHEDULE_ID,DISCOUNT) values ('50','41','228','33','20','5');
Insert into TEST.TICKET (TICKET_ID,USER_ID,TICKET_COST,SEAT,EVENT_SCHEDULE_ID,DISCOUNT) values ('51','41','120','14','20','50');
Insert into TEST.TICKET (TICKET_ID,USER_ID,TICKET_COST,SEAT,EVENT_SCHEDULE_ID,DISCOUNT) values ('52','41','228','12','20','5');
Insert into TEST.TICKET (TICKET_ID,USER_ID,TICKET_COST,SEAT,EVENT_SCHEDULE_ID,DISCOUNT) values ('53','41','114','43','20','5');
Insert into TEST.TICKET (TICKET_ID,USER_ID,TICKET_COST,SEAT,EVENT_SCHEDULE_ID,DISCOUNT) values ('54','41','114','41','20','5');
Insert into TEST.TICKET (TICKET_ID,USER_ID,TICKET_COST,SEAT,EVENT_SCHEDULE_ID,DISCOUNT) values ('55','41','228','13','20','5');
Insert into TEST.TICKET (TICKET_ID,USER_ID,TICKET_COST,SEAT,EVENT_SCHEDULE_ID,DISCOUNT) values ('74','39','9999','111','19','44');
Insert into TEST.TICKET (TICKET_ID,USER_ID,TICKET_COST,SEAT,EVENT_SCHEDULE_ID,DISCOUNT) values ('75','39','9999','111','19','44');
Insert into TEST.TICKET (TICKET_ID,USER_ID,TICKET_COST,SEAT,EVENT_SCHEDULE_ID,DISCOUNT) values ('76','39','9999','111','19','44');
Insert into TEST.TICKET (TICKET_ID,USER_ID,TICKET_COST,SEAT,EVENT_SCHEDULE_ID,DISCOUNT) values ('77','39','9999','111','19','44');
Insert into TEST.TICKET (TICKET_ID,USER_ID,TICKET_COST,SEAT,EVENT_SCHEDULE_ID,DISCOUNT) values ('78','39','9999','111','19','44');
Insert into TEST.TICKET (TICKET_ID,USER_ID,TICKET_COST,SEAT,EVENT_SCHEDULE_ID,DISCOUNT) values ('81','39','9999','111','19','44');
Insert into TEST.TICKET (TICKET_ID,USER_ID,TICKET_COST,SEAT,EVENT_SCHEDULE_ID,DISCOUNT) values ('82','39','9999','111','19','44');
Insert into TEST.TICKET (TICKET_ID,USER_ID,TICKET_COST,SEAT,EVENT_SCHEDULE_ID,DISCOUNT) values ('83','39','9999','111','19','44');
Insert into TEST.TICKET (TICKET_ID,USER_ID,TICKET_COST,SEAT,EVENT_SCHEDULE_ID,DISCOUNT) values ('84','39','9999','111','19','44');
Insert into TEST.TICKET (TICKET_ID,USER_ID,TICKET_COST,SEAT,EVENT_SCHEDULE_ID,DISCOUNT) values ('85','39','9999','111','19','44');
Insert into TEST.TICKET (TICKET_ID,USER_ID,TICKET_COST,SEAT,EVENT_SCHEDULE_ID,DISCOUNT) values ('86','39','9999','111','19','44');
Insert into TEST.TICKET (TICKET_ID,USER_ID,TICKET_COST,SEAT,EVENT_SCHEDULE_ID,DISCOUNT) values ('87','39','9999','111','19','44');
Insert into TEST.TICKET (TICKET_ID,USER_ID,TICKET_COST,SEAT,EVENT_SCHEDULE_ID,DISCOUNT) values ('88','39','9999','111','19','44');
Insert into TEST.TICKET (TICKET_ID,USER_ID,TICKET_COST,SEAT,EVENT_SCHEDULE_ID,DISCOUNT) values ('89','39','9999','111','19','44');
Insert into TEST.TICKET (TICKET_ID,USER_ID,TICKET_COST,SEAT,EVENT_SCHEDULE_ID,DISCOUNT) values ('90','39','9999','111','19','44');
Insert into TEST.TICKET (TICKET_ID,USER_ID,TICKET_COST,SEAT,EVENT_SCHEDULE_ID,DISCOUNT) values ('91','39','9999','111','19','44');
Insert into TEST.TICKET (TICKET_ID,USER_ID,TICKET_COST,SEAT,EVENT_SCHEDULE_ID,DISCOUNT) values ('92','39','9999','111','19','44');
Insert into TEST.TICKET (TICKET_ID,USER_ID,TICKET_COST,SEAT,EVENT_SCHEDULE_ID,DISCOUNT) values ('93','40','114','63','22','5');
Insert into TEST.TICKET (TICKET_ID,USER_ID,TICKET_COST,SEAT,EVENT_SCHEDULE_ID,DISCOUNT) values ('94','40','114','51','22','5');
Insert into TEST.TICKET (TICKET_ID,USER_ID,TICKET_COST,SEAT,EVENT_SCHEDULE_ID,DISCOUNT) values ('95','40','114','63','22','5');
Insert into TEST.TICKET (TICKET_ID,USER_ID,TICKET_COST,SEAT,EVENT_SCHEDULE_ID,DISCOUNT) values ('96','40','114','51','22','5');
Insert into TEST.TICKET (TICKET_ID,USER_ID,TICKET_COST,SEAT,EVENT_SCHEDULE_ID,DISCOUNT) values ('97','40','114','63','22','5');
Insert into TEST.TICKET (TICKET_ID,USER_ID,TICKET_COST,SEAT,EVENT_SCHEDULE_ID,DISCOUNT) values ('98','40','114','51','22','5');
Insert into TEST.TICKET (TICKET_ID,USER_ID,TICKET_COST,SEAT,EVENT_SCHEDULE_ID,DISCOUNT) values ('99','39','9999','111','19','44');
Insert into TEST.TICKET (TICKET_ID,USER_ID,TICKET_COST,SEAT,EVENT_SCHEDULE_ID,DISCOUNT) values ('100','40','114','63','22','5');
Insert into TEST.TICKET (TICKET_ID,USER_ID,TICKET_COST,SEAT,EVENT_SCHEDULE_ID,DISCOUNT) values ('101','40','114','51','22','5');
